page,roll_true,customer_true
1,90098084,L714 Lowes #71
2,90088742,L1082 Lowes #1
3,90098073,L792 Lowes #79
4,90101694,L2833 Lowes 28
5,75977085,FLOORING101
6,16111369,PACIFIC CARPETS
7,16111381,PACIFIC CARPETS
8,76038209,PACIFIC CARPETS
9,16111404,PACIFIC CARPETS
10,76039064,PACIFIC CARPETS
11,F609890101,PROFESSIONAL DIVERSIFIED
12,F9653890251,PROFESSIONAL DIVERSIFIED
13,F609890102,PROFESSIONAL DIVERSIFIED
14,F484810107,PROFESSIONAL DIVERSIFIED
15,73342897,FREEMAN MIRALO
16,YB91025,PRO SOURCE
17,76037997,H20 LOGISTICS
18,1045440921,BROTHERS TRANS
19,90101679,L785 lowes #78
20,15265756,CONTRACT INTER
21,15265753,CONTRACT INTER